{
  "cluster": 5,
  "model": "XGBoost",
  "accuracy": 0.9809045226130654,
  "best_params": {
    "C": 10,
    "gamma": "scale",
    "kernel": "linear"
  },
  "classification_report": {
    "0": {
      "precision": 0.9846625766871165,
      "recall": 0.9958634953464323,
      "f1-score": 0.9902313624678664,
      "support": 967.0
    },
    "1": {
      "precision": 0.7647058823529411,
      "recall": 0.4642857142857143,
      "f1-score": 0.5777777777777777,
      "support": 28.0
    },
    "accuracy": 0.9809045226130654,
    "macro avg": {
      "precision": 0.8746842295200288,
      "recall": 0.7300746048160733,
      "f1-score": 0.784004570122822,
      "support": 995.0
    },
    "weighted avg": {
      "precision": 0.9784728405651497,
      "recall": 0.9809045226130654,
      "f1-score": 0.9786246284263362,
      "support": 995.0
    }
  },
  "confusion_matrix": [
    [
      963,
      4
    ],
    [
      15,
      13
    ]
  ]
}