{
  "cluster": 1,
  "model": "XGBoost",
  "accuracy": 0.8995215311004785,
  "best_params": {
    "C": 1,
    "gamma": "scale",
    "kernel": "linear"
  },
  "classification_report": {
    "0": {
      "precision": 0.9042821158690176,
      "recall": 0.9889807162534435,
      "f1-score": 0.9447368421052632,
      "support": 363.0
    },
    "1": {
      "precision": 0.8095238095238095,
      "recall": 0.3090909090909091,
      "f1-score": 0.4473684210526316,
      "support": 55.0
    },
    "accuracy": 0.8995215311004785,
    "macro avg": {
      "precision": 0.8569029626964135,
      "recall": 0.6490358126721762,
      "f1-score": 0.6960526315789474,
      "support": 418.0
    },
    "weighted avg": {
      "precision": 0.8918139176657007,
      "recall": 0.8995215311004785,
      "f1-score": 0.8792936288088643,
      "support": 418.0
    }
  },
  "confusion_matrix": [
    [
      359,
      4
    ],
    [
      38,
      17
    ]
  ]
}